mn,nnpost_title,_sku
LAB: Baseline/Annual,LAB1082
LAB: Baseline/Annual - 1 series,LAB1082-1
LAB: Baseline/Annual - Single,LAB1082-S
LAB: Blood Draw,LAB1000
LAB: Blood Draw - 1 series,LAB1000-S
LAB: Blood Draw - Single,LAB1000-1
LAB: Bone Loss Panel,LAB1019
LAB: Bone Loss Panel - 1 series,LAB1019-1
LAB: Bone Loss Panel - Single,LAB1019-S
LAB: Cancer Panel,LAB1077
LAB: Cancer Panel - 1 series,LAB1077-1
LAB: Cancer Panel - 3 series,LAB1077-3
LAB: Cancer Panel - Single,LAB1077-S
LAB: Cyrex Alzheimer's LINX,LAB1009
LAB: Cyrex Alzheimer's LINX - 1 series,LAB1009-1
LAB: Cyrex Alzheimer's LINX - Single,LAB1009-S
LAB: DUTCH Complete,LAB1002
LAB: DUTCH Complete - 1 series,LAB1002-1
LAB: DUTCH Complete - Single,LAB1002-S
LAB: DUTCH Cycle Mapping,LAB1003
LAB: DUTCH Cycle Mapping - 1 series,LAB1003-1
LAB: DUTCH Cycle Mapping - Single,LAB1003-S
LAB: EpiSwitch,LAB1080
LAB: EpiSwitch - 1 series,LAB1080-1
LAB: EpiSwitch - Single,LAB1080-S
LAB: Female Baseline/Annual,LAB1017
LAB: Female Baseline/Annual - 1 series,LAB1017-1
LAB: Female Baseline/Annual - Single,LAB1017-S
LAB: Female Hormones,LAB1020
LAB: Female Hormones - 1 series,LAB1020-1
LAB: Female Hormones - Single,LAB1020-S
LAB: Female Quarterly Panel,LAB1026
