post_title,_sku
LAB: Baseline/Annual,LAB1082
LAB: Baseline/Annual - 1 series,LAB1082-1
LAB: Baseline/Annual - Single,LAB1082-S
LAB: Blood Draw,LAB1000
LAB: Blood Draw - 1 series,LAB1000-S
LAB: Blood Draw - Single,LAB1000-1
LAB: Bone Loss Panel,LAB1019
LAB: Bone Loss Panel - 1 series,LAB1019-1
LAB: Bone Loss Panel - Single,LAB1019-S
LAB: Cancer Panel,LAB1077
LAB: Cancer Panel - 1 series,LAB1077-1
LAB: Cancer Panel - 3 series,LAB1077-3
LAB: Cancer Panel - Single,LAB1077-S
LAB: Cyrex Alzheimer's LINX,LAB1009
LAB: Cyrex Alzheimer's LINX - 1 series,LAB1009-1
LAB: Cyrex Alzheimer's LINX - Single,LAB1009-S
LAB: Cyrex The Lymphocyte MAP,LAB1010
LAB: Cyrex The Lymphocyte MAP,LAB1010-S
LAB: Cyrex The Lymphocyte MAP,LAB1010-1
LAB: DUTCH Complete,LAB1002
LAB: DUTCH Complete - 1 series,LAB1002-1
LAB: DUTCH Complete - Single,LAB1002-S
LAB: DUTCH Cycle Mapping,LAB1003
LAB: DUTCH Cycle Mapping - 1 series,LAB1003-1
LAB: DUTCH Cycle Mapping - Single,LAB1003-S
LAB: EpiSwitch,LAB1080
LAB: EpiSwitch - 1 series,LAB1080-1
LAB: EpiSwitch - Single,LAB1080-S
LAB: Female Baseline/Annual,LAB1017
LAB: Female Baseline/Annual - 1 series,LAB1017-1
LAB: Female Baseline/Annual - Single,LAB1017-S
LAB: Female Hormones,LAB1020
LAB: Female Hormones - 1 series,LAB1020-1
LAB: Female Hormones - Single,LAB1020-S
LAB: Female Quarterly Panel,LAB1026
LAB: Female Quarterly Panel - 1 series,LAB1026-1
LAB: Female Quarterly Panel - Single,LAB1026-S
LAB: G6PD (Glucose Phosphate),LAB1005
LAB: G6PD (Glucose Phosphate) - 1 series,LAB1005-1
LAB: G6PD (Glucose Phosphate) - Single,LAB1005-S
LAB: GI-MAP,LAB1001
LAB: GI-MAP - 1 series,LAB1001-1
LAB: GI-MAP - Single,LAB1001-S
LAB: Ionized Calcium,LAB1092
LAB: Ionized Calcium - 1 series,LAB1092-1
LAB: Ionized Calcium - Single,LAB1092-S
LAB: Iron Panel,LAB1029
LAB: Iron Panel - 1 series,LAB1029-1
LAB: Iron Panel - Single,LAB1029-S
LAB: Male Baseline/Annual,LAB1018
LAB: Male Baseline/Annual - 1 series,LAB1018-1
LAB: Male Baseline/Annual - Single,LAB1018-S
LAB: Male Hormone,LAB1021
LAB: Male Hormone - 1 series,LAB1021-1
LAB: Male Hormone - Single,LAB1021-S
LAB: Male Quarterly Panel,LAB1027
LAB: Male Quarterly Panel - 1 series,LAB1027-1
LAB: Male Quarterly Panel - Single,LAB1027-S
LAB: Men's Health Panel,LAB1078
LAB: Men's Health Panel - Single,LAB1078-1-S
LAB: Men's Health Panel - 1 series,LAB1078-1-1
LAB: Men's Health Panel - Member Only,LAB1078-M
LAB: Men's Health Panel - Member Only - 1 series,LAB1078-M-1
LAB: Men's Health Panel - Member Only - Single,LAB1078-M-S
LAB: Metal Panel II (Blood),LAB1022
LAB: Metal Panel II (Blood) - 1 series,LAB1022-1
LAB: Metal Panel II (Blood) - Single,LAB1022-S
LAB: MicrogenDX - Men's Key,LAB1084
LAB: MicrogenDX - Men's Key - 1 series,LAB1084-1
LAB: MicrogenDX - Men's Key - Single,LAB1084-S
LAB: MicrogenDX - Prostate Key,LAB1083
LAB: MicrogenDX - Prostate Key - 1 series,LAB1083-1
LAB: MicrogenDX - Prostate Key - Single,LAB1083-S
LAB: MicrogenDX - Rapid Full STI,LAB1085
LAB: MicrogenDX - Rapid Full STI - 1 series,LAB1085-1
LAB: MicrogenDX - Rapid Full STI - Single,LAB1085-S
LAB: MicrogenDX - Sinus Key,LAB1086
LAB: MicrogenDX - Sinus Key - 1 series,LAB1086-1
LAB: MicrogenDX - Sinus Key - Single,LAB1086-S
LAB: MicrogenDX - UroKey,LAB1087
LAB: MicrogenDX - UroKey - 1 series,LAB1087-1
LAB: MicrogenDX - UroKey - Single,LAB1087-S
LAB: MicrogenDX - Women's Key,LAB1088
LAB: MicrogenDX - Women's Key - 1 series,LAB1088-S
LAB: MicrogenDX - Women's Key - Single,LAB1088-1
LAB: Mobile Phlebotomy,LAB1035
LAB: Mobile Phlebotomy - 1 series,LAB1035-1
LAB: Mobile Phlebotomy - Single,LAB1035-S
LAB: Parathyroid Panel,LAB1025
LAB: Parathyroid Panel - 1 series,LAB1025-1
LAB: Parathyroid Panel - Single,LAB1025-S
LAB: Precision Point - Advanced Intestinal Barrier,LAB1036
LAB: Precision Point - Advanced Intestinal Barrier - 1 series,LAB1036-1
LAB: Precision Point - Advanced Intestinal Barrier - Single,LAB1036-S
LAB: Precision Point - P88 Dietary Antigen (DIY),LAB1089
LAB: Precision Point - P88 Dietary Antigen (DIY) - 1 series,LAB1089-1
LAB: Precision Point - P88 Dietary Antigen (DIY) - Single,LAB1089-S
LAB: Precision Point - P88 Dietary Antigen (Serum),LAB1037
LAB: Precision Point - P88 Dietary Antigen (Serum) - 1 series,LAB1037-1
LAB: Precision Point - P88 Dietary Antigen (Serum) - Single,LAB1037-S
LAB: ProstaGen Profile Screening EPS,LAB1013
LAB: ProstaGen Profile Screening EPS - 1 series,LAB1013-1
LAB: ProstaGen Profile Screening EPS - Single,LAB1013-S
LAB: RGCC aCGH (blood),LAB1047
LAB: RGCC aCGH (blood) - 1 series,LAB1047-1
LAB: RGCC aCGH (blood) - Single,LAB1047-S
LAB: RGCC CAMBISeq (blood),LAB1050
LAB: RGCC CAMBISeq (blood) - 1 series,LAB1050-1
LAB: RGCC CAMBISeq (blood) - Single,LAB1050-S
LAB: RGCC ChemoSNiP  (blood),LAB1048
LAB: RGCC ChemoSNiP  (blood) - 1 series,LAB1048-1
LAB: RGCC ChemoSNiP  (blood) - Single,LAB1048-S
LAB: RGCC Immune Frame (blood),LAB1046
LAB: RGCC Immune Frame (blood) - 1 series,LAB1046-1
LAB: RGCC Immune Frame (blood) - Single,LAB1046-S
LAB: RGCC Lab Processing Fee,LAB1076
LAB: RGCC Lab Processing Fee - 1 series,LAB1076-1
LAB: RGCC Lab Processing Fee - Single,LAB1076-S
LAB: RGCC Onco-D-Clare (blood),LAB1040
LAB: RGCC Onco-D-Clare (blood) - 1 series,LAB1040-1
LAB: RGCC Onco-D-Clare (blood) - Single,LAB1040-S
LAB: RGCC Onconomics Additional Substances (blood),LAB1051
LAB: RGCC Onconomics Additional Substances (blood) - 1 series,LAB1051-1
LAB: RGCC Onconomics Additional Substances (blood) - Single,LAB1051-S
LAB: RGCC Onconomics Plus (blood),LAB1043
LAB: RGCC Onconomics Plus (blood) - 1 series,LAB1043-1
LAB: RGCC Onconomics Plus (blood) - Single,LAB1043-S
LAB: RGCC OncoTrace (blood),LAB1038
LAB: RGCC OncoTrace (blood) - 1 series,LAB1038-1
LAB: RGCC OncoTrace (blood) - Single,LAB1038-S
LAB: RGCC OncoTrail (blood) (ANY),LAB1039
LAB: RGCC OncoTrail (blood) (ANY) - 1 series,LAB1039-1
LAB: RGCC OncoTrail (blood) (ANY) - Single,LAB1039-S
LAB: Thyroid Panel,LAB1090
LAB: Thyroid Panel - 1 series,LAB1090-1
LAB: Thyroid Panel - Single,LAB1090-S
LAB: Tick-Borne 2.0,LAB1081
LAB: Tick-Borne 2.0 - 1 series,LAB1081-1
LAB: Tick-Borne 2.0 - Single,LAB1081-S
LAB: Total Tox Burden,LAB1079
LAB: Total Tox Burden - 1 series,LAB1079-1
LAB: Total Tox Burden - Single,LAB1079-S
LAB: Viral Panel,LAB1007
LAB: Viral Panel - 1 series,LAB1007-1
LAB: Viral Panel - Single,LAB1007-S
LAB: Women's Health Panel,LAB1091
LAB: Women's Health Panel - Single,LAB1091-S
LAB: Women's Health Panel - 1 series,LAB1091-1
LAB: Women's Health Panel - Members Only,LAB1091-M
LAB: Women's Health Panel - Members Only - 1 series,LAB1091-M-1
LAB: Women's Health Panel - Members Only - Single,LAB1091-M-S